run_id,task,method,policy,seed,shift_axis,shift_severity,instruction,success,failure_reason,collision_any,collision_count,peak_contact_force_n,peak_contact_torque_nm,num_interventions,num_pause_reobserve,num_fallbacks,episode_wall_time_s,sim_time_s,object_in_bin,drawer_closed,timed_out,video_path
drawer-lighting-s0-openvla-ep000,drawer,openvla_gated,openvla,895953,lighting,0,Execute drawer under lighting shift severity 0,1,,0,0,0.0,0.0,0,0,0,0.4,0.4,1,1,0,
drawer-lighting-s0-openvla-ep001,drawer,openvla_gated,openvla,864797,lighting,0,Execute drawer under lighting shift severity 0,1,,0,0,0.0,0.0,0,0,0,0.4,0.4,1,1,0,
drawer-lighting-s0-openvla-ep002,drawer,openvla_gated,openvla,819745,lighting,0,Execute drawer under lighting shift severity 0,1,,0,0,0.0,0.0,0,0,0,0.4,0.4,1,1,0,
drawer-lighting-s0-openvla-ep003,drawer,openvla_gated,openvla,855302,lighting,0,Execute drawer under lighting shift severity 0,1,,0,0,0.0,0.0,0,0,0,0.4,0.4,1,1,0,
drawer-lighting-s0-openvla-ep004,drawer,openvla_gated,openvla,69515,lighting,0,Execute drawer under lighting shift severity 0,1,,1,1,3.449456,0.633177,0,0,0,0.4,0.4,1,1,0,
drawer-lighting-s0-octo-ep000,drawer,octo_gated,octo,811023,lighting,0,Execute drawer under lighting shift severity 0,1,,0,0,0.0,0.0,2,1,0,0.7,0.4,1,1,0,
drawer-lighting-s0-octo-ep001,drawer,octo_gated,octo,941963,lighting,0,Execute drawer under lighting shift severity 0,1,,0,0,1.501381,0.323046,2,1,0,0.7,0.4,1,1,0,
drawer-lighting-s0-octo-ep002,drawer,octo_gated,octo,261446,lighting,0,Execute drawer under lighting shift severity 0,1,,0,0,0.0,0.0,2,1,0,0.7,0.4,1,1,0,
drawer-lighting-s0-octo-ep003,drawer,octo_gated,octo,169554,lighting,0,Execute drawer under lighting shift severity 0,1,,0,0,0.0,0.0,2,1,0,0.7,0.4,1,1,0,
drawer-lighting-s0-octo-ep004,drawer,octo_gated,octo,77199,lighting,0,Execute drawer under lighting shift severity 0,1,,0,0,0.0,0.0,2,1,0,0.7,0.4,1,1,0,
drawer-lighting-s1-openvla-ep000,drawer,openvla_gated,openvla,798958,lighting,1,Execute drawer under lighting shift severity 1,1,,1,1,4.835238,1.121789,1,1,0,0.6,0.45,1,1,0,
drawer-lighting-s1-openvla-ep001,drawer,openvla_gated,openvla,946465,lighting,1,Execute drawer under lighting shift severity 1,1,,1,1,5.151222,0.849895,1,1,0,0.65,0.5,1,1,0,
drawer-lighting-s1-openvla-ep002,drawer,openvla_gated,openvla,603838,lighting,1,Execute drawer under lighting shift severity 1,1,,0,0,0.0,0.0,2,1,0,0.75,0.45,1,1,0,
drawer-lighting-s1-openvla-ep003,drawer,openvla_gated,openvla,613791,lighting,1,Execute drawer under lighting shift severity 1,1,,0,0,0.0,0.0,2,1,0,0.75,0.45,1,1,0,
drawer-lighting-s1-openvla-ep004,drawer,openvla_gated,openvla,788790,lighting,1,Execute drawer under lighting shift severity 1,1,,0,0,0.0,0.0,2,1,0,0.75,0.45,1,1,0,
drawer-lighting-s1-octo-ep000,drawer,octo_gated,octo,2630,lighting,1,Execute drawer under lighting shift severity 1,1,,1,1,4.167973,0.971355,1,1,0,0.6,0.45,1,1,0,
drawer-lighting-s1-octo-ep001,drawer,octo_gated,octo,836422,lighting,1,Execute drawer under lighting shift severity 1,1,,1,1,3.86994,0.708842,3,2,1,1.1,0.45,1,1,0,
drawer-lighting-s1-octo-ep002,drawer,octo_gated,octo,910407,lighting,1,Execute drawer under lighting shift severity 1,1,,0,0,3.422779,0.726069,1,1,0,0.6,0.45,1,1,0,
drawer-lighting-s1-octo-ep003,drawer,octo_gated,octo,132446,lighting,1,Execute drawer under lighting shift severity 1,1,,0,0,0.0,0.0,2,1,1,0.95,0.45,1,1,0,
drawer-lighting-s1-octo-ep004,drawer,octo_gated,octo,984803,lighting,1,Execute drawer under lighting shift severity 1,1,,1,1,2.88557,0.691013,1,1,0,0.6,0.45,1,1,0,
drawer-lighting-s2-openvla-ep000,drawer,openvla_gated,openvla,849559,lighting,2,Execute drawer under lighting shift severity 2,1,,1,1,5.168823,0.927904,10,1,9,3.8,0.5,1,1,0,
drawer-lighting-s2-openvla-ep001,drawer,openvla_gated,openvla,286296,lighting,2,Execute drawer under lighting shift severity 2,1,,1,1,5.36491,0.887445,10,2,8,3.6,0.5,1,1,0,
drawer-lighting-s2-openvla-ep002,drawer,openvla_gated,openvla,479049,lighting,2,Execute drawer under lighting shift severity 2,1,,1,1,4.645624,0.638578,9,1,8,3.45,0.5,1,1,0,
drawer-lighting-s2-openvla-ep003,drawer,openvla_gated,openvla,813661,lighting,2,Execute drawer under lighting shift severity 2,1,,0,0,0.0,0.0,9,2,7,3.3,0.55,1,1,0,
drawer-lighting-s2-openvla-ep004,drawer,openvla_gated,openvla,900822,lighting,2,Execute drawer under lighting shift severity 2,1,,1,1,4.99072,0.73142,9,1,8,3.45,0.5,1,1,0,
drawer-lighting-s2-octo-ep000,drawer,octo_gated,octo,82407,lighting,2,Execute drawer under lighting shift severity 2,1,,0,0,0.0,0.0,10,0,10,4.0,0.5,1,1,0,
drawer-lighting-s2-octo-ep001,drawer,octo_gated,octo,657528,lighting,2,Execute drawer under lighting shift severity 2,1,,0,0,0.0,0.0,10,1,9,3.8,0.5,1,1,0,
drawer-lighting-s2-octo-ep002,drawer,octo_gated,octo,438280,lighting,2,Execute drawer under lighting shift severity 2,1,,1,1,5.220396,1.069831,11,0,11,4.4,0.55,1,1,0,
drawer-lighting-s2-octo-ep003,drawer,octo_gated,octo,344698,lighting,2,Execute drawer under lighting shift severity 2,1,,1,1,6.330045,0.92208,11,0,11,4.4,0.55,1,1,0,
drawer-lighting-s2-octo-ep004,drawer,octo_gated,octo,817703,lighting,2,Execute drawer under lighting shift severity 2,1,,1,1,3.466476,0.805062,10,1,9,3.8,0.5,1,1,0,
drawer-texture-s0-openvla-ep000,drawer,openvla_gated,openvla,687665,texture,0,Execute drawer under texture shift severity 0,1,,0,0,3.945718,0.69392,0,0,0,0.4,0.4,1,1,0,
drawer-texture-s0-openvla-ep001,drawer,openvla_gated,openvla,408733,texture,0,Execute drawer under texture shift severity 0,1,,1,1,4.127994,0.776571,0,0,0,0.4,0.4,1,1,0,
drawer-texture-s0-openvla-ep002,drawer,openvla_gated,openvla,881643,texture,0,Execute drawer under texture shift severity 0,1,,0,0,0.0,0.0,0,0,0,0.4,0.4,1,1,0,
drawer-texture-s0-openvla-ep003,drawer,openvla_gated,openvla,517749,texture,0,Execute drawer under texture shift severity 0,1,,0,0,1.636832,0.229165,0,0,0,0.4,0.4,1,1,0,
drawer-texture-s0-openvla-ep004,drawer,openvla_gated,openvla,853060,texture,0,Execute drawer under texture shift severity 0,1,,0,0,0.0,0.0,0,0,0,0.4,0.4,1,1,0,
drawer-texture-s0-octo-ep000,drawer,octo_gated,octo,117039,texture,0,Execute drawer under texture shift severity 0,1,,0,0,0.0,0.0,2,1,0,0.7,0.4,1,1,0,
drawer-texture-s0-octo-ep001,drawer,octo_gated,octo,910025,texture,0,Execute drawer under texture shift severity 0,1,,0,0,1.408349,0.539683,2,1,0,0.7,0.4,1,1,0,
drawer-texture-s0-octo-ep002,drawer,octo_gated,octo,814006,texture,0,Execute drawer under texture shift severity 0,1,,0,0,3.422051,0.582818,2,1,0,0.7,0.4,1,1,0,
drawer-texture-s0-octo-ep003,drawer,octo_gated,octo,532417,texture,0,Execute drawer under texture shift severity 0,1,,0,0,1.905049,0.399022,2,1,0,0.7,0.4,1,1,0,
drawer-texture-s0-octo-ep004,drawer,octo_gated,octo,497867,texture,0,Execute drawer under texture shift severity 0,1,,0,0,0.0,0.0,2,1,0,0.7,0.4,1,1,0,
drawer-texture-s1-openvla-ep000,drawer,openvla_gated,openvla,315466,texture,1,Execute drawer under texture shift severity 1,1,,0,0,2.279545,0.477799,1,1,0,0.6,0.45,1,1,0,
drawer-texture-s1-openvla-ep001,drawer,openvla_gated,openvla,248279,texture,1,Execute drawer under texture shift severity 1,1,,0,0,0.0,0.0,1,1,0,0.6,0.45,1,1,0,
drawer-texture-s1-openvla-ep002,drawer,openvla_gated,openvla,279684,texture,1,Execute drawer under texture shift severity 1,1,,1,1,3.922782,0.403277,1,1,0,0.6,0.45,1,1,0,
drawer-texture-s1-openvla-ep003,drawer,openvla_gated,openvla,776686,texture,1,Execute drawer under texture shift severity 1,1,,1,1,5.233757,1.145456,1,1,0,0.6,0.45,1,1,0,
drawer-texture-s1-openvla-ep004,drawer,openvla_gated,openvla,387201,texture,1,Execute drawer under texture shift severity 1,1,,1,1,4.48223,0.563372,1,1,0,0.65,0.5,1,1,0,
drawer-texture-s1-octo-ep000,drawer,octo_gated,octo,979228,texture,1,Execute drawer under texture shift severity 1,1,,1,1,4.253658,0.574094,2,1,1,0.95,0.45,1,1,0,
drawer-texture-s1-octo-ep001,drawer,octo_gated,octo,380538,texture,1,Execute drawer under texture shift severity 1,1,,0,0,3.578176,0.612392,2,1,1,0.95,0.45,1,1,0,
drawer-texture-s1-octo-ep002,drawer,octo_gated,octo,538343,texture,1,Execute drawer under texture shift severity 1,1,,1,1,3.213496,0.756978,2,1,1,0.95,0.45,1,1,0,
drawer-texture-s1-octo-ep003,drawer,octo_gated,octo,395384,texture,1,Execute drawer under texture shift severity 1,1,,0,0,3.299399,0.563381,2,1,1,0.95,0.45,1,1,0,
drawer-texture-s1-octo-ep004,drawer,octo_gated,octo,737150,texture,1,Execute drawer under texture shift severity 1,1,,1,1,3.298988,0.636165,4,1,3,1.65,0.45,1,1,0,
drawer-texture-s2-openvla-ep000,drawer,openvla_gated,openvla,358149,texture,2,Execute drawer under texture shift severity 2,1,,0,0,4.066238,0.654123,8,1,7,3.15,0.55,1,1,0,
drawer-texture-s2-openvla-ep001,drawer,openvla_gated,openvla,992760,texture,2,Execute drawer under texture shift severity 2,1,,1,1,5.020179,0.937381,9,1,8,3.5,0.55,1,1,0,
drawer-texture-s2-openvla-ep002,drawer,openvla_gated,openvla,642375,texture,2,Execute drawer under texture shift severity 2,1,,0,0,4.716204,0.713004,9,2,7,3.3,0.55,1,1,0,
drawer-texture-s2-openvla-ep003,drawer,openvla_gated,openvla,30127,texture,2,Execute drawer under texture shift severity 2,1,,1,1,5.448903,0.934556,10,1,9,3.8,0.5,1,1,0,
drawer-texture-s2-openvla-ep004,drawer,openvla_gated,openvla,950139,texture,2,Execute drawer under texture shift severity 2,1,,0,0,3.486087,0.573996,8,1,7,3.15,0.55,1,1,0,
drawer-texture-s2-octo-ep000,drawer,octo_gated,octo,598977,texture,2,Execute drawer under texture shift severity 2,1,,1,1,5.915864,0.824259,11,0,11,4.4,0.55,1,1,0,
drawer-texture-s2-octo-ep001,drawer,octo_gated,octo,690100,texture,2,Execute drawer under texture shift severity 2,1,,1,2,5.557064,0.852972,11,0,11,4.4,0.55,1,1,0,
drawer-texture-s2-octo-ep002,drawer,octo_gated,octo,967295,texture,2,Execute drawer under texture shift severity 2,1,,0,0,3.084393,0.634523,11,1,10,4.2,0.55,1,1,0,
drawer-texture-s2-octo-ep003,drawer,octo_gated,octo,281735,texture,2,Execute drawer under texture shift severity 2,1,,0,0,5.061682,0.695498,11,1,10,4.2,0.55,1,1,0,
drawer-texture-s2-octo-ep004,drawer,octo_gated,octo,117336,texture,2,Execute drawer under texture shift severity 2,1,,1,2,5.244668,1.126617,11,0,11,4.4,0.55,1,1,0,
drawer-occlusion-s0-openvla-ep000,drawer,openvla_gated,openvla,687595,occlusion,0,Execute drawer under occlusion shift severity 0,1,,0,0,3.626091,0.527145,2,1,0,0.75,0.45,1,1,0,
drawer-occlusion-s0-openvla-ep001,drawer,openvla_gated,openvla,223101,occlusion,0,Execute drawer under occlusion shift severity 0,1,,0,0,3.065277,0.382881,2,1,0,0.7,0.4,1,1,0,
drawer-occlusion-s0-openvla-ep002,drawer,openvla_gated,openvla,14353,occlusion,0,Execute drawer under occlusion shift severity 0,1,,0,0,0.0,0.0,2,1,0,0.75,0.45,1,1,0,
drawer-occlusion-s0-openvla-ep003,drawer,openvla_gated,openvla,550228,occlusion,0,Execute drawer under occlusion shift severity 0,1,,0,0,2.170766,0.214547,2,1,0,0.75,0.45,1,1,0,
drawer-occlusion-s0-openvla-ep004,drawer,openvla_gated,openvla,549153,occlusion,0,Execute drawer under occlusion shift severity 0,1,,0,0,0.0,0.0,2,1,0,0.75,0.45,1,1,0,
drawer-occlusion-s0-octo-ep000,drawer,octo_gated,octo,722327,occlusion,0,Execute drawer under occlusion shift severity 0,1,,1,1,2.877783,0.65418,2,1,0,0.7,0.4,1,1,0,
drawer-occlusion-s0-octo-ep001,drawer,octo_gated,octo,905799,occlusion,0,Execute drawer under occlusion shift severity 0,1,,0,0,0.0,0.0,2,1,0,0.7,0.4,1,1,0,
drawer-occlusion-s0-octo-ep002,drawer,octo_gated,octo,552752,occlusion,0,Execute drawer under occlusion shift severity 0,1,,0,0,0.0,0.0,2,1,0,0.7,0.4,1,1,0,
drawer-occlusion-s0-octo-ep003,drawer,octo_gated,octo,244437,occlusion,0,Execute drawer under occlusion shift severity 0,1,,0,0,2.815084,0.435318,2,1,0,0.7,0.4,1,1,0,
drawer-occlusion-s0-octo-ep004,drawer,octo_gated,octo,547701,occlusion,0,Execute drawer under occlusion shift severity 0,1,,0,0,3.760012,0.54117,2,1,0,0.7,0.4,1,1,0,
drawer-occlusion-s1-openvla-ep000,drawer,openvla_gated,openvla,66503,occlusion,1,Execute drawer under occlusion shift severity 1,1,,0,0,2.636719,0.580312,1,1,0,0.6,0.45,1,1,0,
drawer-occlusion-s1-openvla-ep001,drawer,openvla_gated,openvla,51538,occlusion,1,Execute drawer under occlusion shift severity 1,1,,1,1,4.881084,0.836381,1,1,0,0.65,0.5,1,1,0,
drawer-occlusion-s1-openvla-ep002,drawer,openvla_gated,openvla,107915,occlusion,1,Execute drawer under occlusion shift severity 1,1,,0,0,2.693148,0.588311,2,1,0,0.8,0.5,1,1,0,
drawer-occlusion-s1-openvla-ep003,drawer,openvla_gated,openvla,739229,occlusion,1,Execute drawer under occlusion shift severity 1,1,,0,0,0.0,0.0,1,1,0,0.6,0.45,1,1,0,
drawer-occlusion-s1-openvla-ep004,drawer,openvla_gated,openvla,896326,occlusion,1,Execute drawer under occlusion shift severity 1,1,,1,1,3.840483,0.773785,1,1,0,0.65,0.5,1,1,0,
drawer-occlusion-s1-octo-ep000,drawer,octo_gated,octo,320701,occlusion,1,Execute drawer under occlusion shift severity 1,1,,0,0,0.0,0.0,3,1,2,1.3,0.45,1,1,0,
drawer-occlusion-s1-octo-ep001,drawer,octo_gated,octo,84965,occlusion,1,Execute drawer under occlusion shift severity 1,1,,0,0,0.0,0.0,3,1,2,1.3,0.45,1,1,0,
drawer-occlusion-s1-octo-ep002,drawer,octo_gated,octo,73961,occlusion,1,Execute drawer under occlusion shift severity 1,1,,0,0,2.861672,0.44922,3,1,2,1.3,0.45,1,1,0,
drawer-occlusion-s1-octo-ep003,drawer,octo_gated,octo,129401,occlusion,1,Execute drawer under occlusion shift severity 1,1,,0,0,0.0,0.0,3,1,2,1.3,0.45,1,1,0,
drawer-occlusion-s1-octo-ep004,drawer,octo_gated,octo,958468,occlusion,1,Execute drawer under occlusion shift severity 1,1,,0,0,0.0,0.0,2,1,1,0.95,0.45,1,1,0,
drawer-occlusion-s2-openvla-ep000,drawer,openvla_gated,openvla,156829,occlusion,2,Execute drawer under occlusion shift severity 2,1,,0,0,3.086873,0.715976,10,1,9,3.8,0.5,1,1,0,
drawer-occlusion-s2-openvla-ep001,drawer,openvla_gated,openvla,659671,occlusion,2,Execute drawer under occlusion shift severity 2,1,,0,0,4.258415,0.778258,10,1,9,3.85,0.55,1,1,0,
drawer-occlusion-s2-openvla-ep002,drawer,openvla_gated,openvla,614518,occlusion,2,Execute drawer under occlusion shift severity 2,1,,0,0,4.542194,0.83535,10,1,9,3.8,0.5,1,1,0,
drawer-occlusion-s2-openvla-ep003,drawer,openvla_gated,openvla,455782,occlusion,2,Execute drawer under occlusion shift severity 2,1,,0,0,0.0,0.0,10,1,9,3.8,0.5,1,1,0,
drawer-occlusion-s2-openvla-ep004,drawer,openvla_gated,openvla,475051,occlusion,2,Execute drawer under occlusion shift severity 2,1,,0,0,3.071023,0.690328,9,1,8,3.45,0.5,1,1,0,
drawer-occlusion-s2-octo-ep000,drawer,octo_gated,octo,732651,occlusion,2,Execute drawer under occlusion shift severity 2,1,,0,0,3.802903,0.711448,11,0,11,4.4,0.55,1,1,0,
drawer-occlusion-s2-octo-ep001,drawer,octo_gated,octo,808276,occlusion,2,Execute drawer under occlusion shift severity 2,1,,0,0,0.0,0.0,11,0,11,4.4,0.55,1,1,0,
drawer-occlusion-s2-octo-ep002,drawer,octo_gated,octo,477890,occlusion,2,Execute drawer under occlusion shift severity 2,1,,1,1,3.911227,0.86188,11,0,11,4.4,0.55,1,1,0,
drawer-occlusion-s2-octo-ep003,drawer,octo_gated,octo,662404,occlusion,2,Execute drawer under occlusion shift severity 2,1,,1,2,3.435138,0.788477,11,0,11,4.4,0.55,1,1,0,
drawer-occlusion-s2-octo-ep004,drawer,octo_gated,octo,124721,occlusion,2,Execute drawer under occlusion shift severity 2,1,,1,2,4.894457,0.930115,11,0,11,4.4,0.55,1,1,0,
drawer-sensor-s0-openvla-ep000,drawer,openvla_gated,openvla,939735,sensor,0,Execute drawer under sensor shift severity 0,1,,0,0,0.0,0.0,2,1,0,0.75,0.45,1,1,0,
drawer-sensor-s0-openvla-ep001,drawer,openvla_gated,openvla,604579,sensor,0,Execute drawer under sensor shift severity 0,1,,0,0,2.657898,0.711415,2,1,0,0.7,0.4,1,1,0,
drawer-sensor-s0-openvla-ep002,drawer,openvla_gated,openvla,684602,sensor,0,Execute drawer under sensor shift severity 0,1,,0,0,0.0,0.0,2,1,0,0.7,0.4,1,1,0,
drawer-sensor-s0-openvla-ep003,drawer,openvla_gated,openvla,746936,sensor,0,Execute drawer under sensor shift severity 0,1,,0,0,2.885558,0.306901,2,1,0,0.7,0.4,1,1,0,
drawer-sensor-s0-openvla-ep004,drawer,openvla_gated,openvla,261001,sensor,0,Execute drawer under sensor shift severity 0,1,,0,0,0.0,0.0,2,1,0,0.7,0.4,1,1,0,
drawer-sensor-s0-octo-ep000,drawer,octo_gated,octo,744146,sensor,0,Execute drawer under sensor shift severity 0,1,,0,0,0.0,0.0,2,1,0,0.7,0.4,1,1,0,
drawer-sensor-s0-octo-ep001,drawer,octo_gated,octo,967922,sensor,0,Execute drawer under sensor shift severity 0,1,,0,0,0.0,0.0,2,1,0,0.7,0.4,1,1,0,
drawer-sensor-s0-octo-ep002,drawer,octo_gated,octo,551567,sensor,0,Execute drawer under sensor shift severity 0,1,,0,0,0.0,0.0,2,1,0,0.7,0.4,1,1,0,
drawer-sensor-s0-octo-ep003,drawer,octo_gated,octo,313340,sensor,0,Execute drawer under sensor shift severity 0,1,,0,0,0.0,0.0,2,1,0,0.7,0.4,1,1,0,
drawer-sensor-s0-octo-ep004,drawer,octo_gated,octo,928491,sensor,0,Execute drawer under sensor shift severity 0,1,,0,0,2.919962,0.646053,2,1,0,0.7,0.4,1,1,0,
drawer-sensor-s1-openvla-ep000,drawer,openvla_gated,openvla,777220,sensor,1,Execute drawer under sensor shift severity 1,1,,1,2,5.46695,0.916426,1,1,0,0.65,0.5,1,1,0,
drawer-sensor-s1-openvla-ep001,drawer,openvla_gated,openvla,945712,sensor,1,Execute drawer under sensor shift severity 1,1,,0,0,2.2449,0.457067,2,1,0,0.8,0.5,1,1,0,
drawer-sensor-s1-openvla-ep002,drawer,openvla_gated,openvla,710824,sensor,1,Execute drawer under sensor shift severity 1,1,,0,0,4.606076,0.769046,2,1,0,0.8,0.5,1,1,0,
drawer-sensor-s1-openvla-ep003,drawer,openvla_gated,openvla,874869,sensor,1,Execute drawer under sensor shift severity 1,1,,0,0,0.0,0.0,1,1,0,0.6,0.45,1,1,0,
drawer-sensor-s1-openvla-ep004,drawer,openvla_gated,openvla,774988,sensor,1,Execute drawer under sensor shift severity 1,1,,0,0,2.977366,0.286853,1,1,0,0.6,0.45,1,1,0,
drawer-sensor-s1-octo-ep000,drawer,octo_gated,octo,371643,sensor,1,Execute drawer under sensor shift severity 1,1,,0,0,4.10456,0.575294,2,1,1,0.95,0.45,1,1,0,
drawer-sensor-s1-octo-ep001,drawer,octo_gated,octo,789086,sensor,1,Execute drawer under sensor shift severity 1,1,,0,0,2.535041,0.151106,3,1,2,1.3,0.45,1,1,0,
drawer-sensor-s1-octo-ep002,drawer,octo_gated,octo,267770,sensor,1,Execute drawer under sensor shift severity 1,1,,1,1,3.925478,0.486704,2,1,1,0.95,0.45,1,1,0,
drawer-sensor-s1-octo-ep003,drawer,octo_gated,octo,938758,sensor,1,Execute drawer under sensor shift severity 1,1,,0,0,0.0,0.0,2,1,1,0.95,0.45,1,1,0,
drawer-sensor-s1-octo-ep004,drawer,octo_gated,octo,529811,sensor,1,Execute drawer under sensor shift severity 1,1,,0,0,3.079305,0.452376,2,1,1,0.95,0.45,1,1,0,
drawer-sensor-s2-openvla-ep000,drawer,openvla_gated,openvla,521763,sensor,2,Execute drawer under sensor shift severity 2,1,,0,0,0.0,0.0,8,1,7,3.15,0.55,1,1,0,
drawer-sensor-s2-openvla-ep001,drawer,openvla_gated,openvla,654310,sensor,2,Execute drawer under sensor shift severity 2,1,,0,0,0.0,0.0,8,1,7,3.15,0.55,1,1,0,
drawer-sensor-s2-openvla-ep002,drawer,openvla_gated,openvla,313821,sensor,2,Execute drawer under sensor shift severity 2,1,,1,2,5.900494,0.987648,10,2,8,3.65,0.55,1,1,0,
drawer-sensor-s2-openvla-ep003,drawer,openvla_gated,openvla,160593,sensor,2,Execute drawer under sensor shift severity 2,1,,1,1,5.565028,0.834717,10,2,8,3.65,0.55,1,1,0,
drawer-sensor-s2-openvla-ep004,drawer,openvla_gated,openvla,719136,sensor,2,Execute drawer under sensor shift severity 2,1,,1,1,5.902708,1.048719,10,2,8,3.6,0.5,1,1,0,
drawer-sensor-s2-octo-ep000,drawer,octo_gated,octo,559464,sensor,2,Execute drawer under sensor shift severity 2,1,,0,0,0.0,0.0,11,1,10,4.2,0.55,1,1,0,
drawer-sensor-s2-octo-ep001,drawer,octo_gated,octo,710137,sensor,2,Execute drawer under sensor shift severity 2,1,,1,1,4.549154,0.560486,11,0,11,4.4,0.55,1,1,0,
drawer-sensor-s2-octo-ep002,drawer,octo_gated,octo,438948,sensor,2,Execute drawer under sensor shift severity 2,1,,1,2,5.234197,0.96726,10,0,10,4.05,0.55,1,1,0,
drawer-sensor-s2-octo-ep003,drawer,octo_gated,octo,1664,sensor,2,Execute drawer under sensor shift severity 2,1,,0,0,4.137635,0.844692,11,1,10,4.2,0.55,1,1,0,
drawer-sensor-s2-octo-ep004,drawer,octo_gated,octo,682470,sensor,2,Execute drawer under sensor shift severity 2,1,,0,0,0.0,0.0,10,0,10,4.0,0.5,1,1,0,
drawer-combined-s0-openvla-ep000,drawer,openvla_gated,openvla,418829,combined,0,Execute drawer under combined shift severity 0,1,,0,0,3.017996,0.48704,2,1,0,0.75,0.45,1,1,0,
drawer-combined-s0-openvla-ep001,drawer,openvla_gated,openvla,82176,combined,0,Execute drawer under combined shift severity 0,1,,1,1,3.746676,0.710942,2,1,0,0.7,0.4,1,1,0,
drawer-combined-s0-openvla-ep002,drawer,openvla_gated,openvla,399898,combined,0,Execute drawer under combined shift severity 0,1,,0,0,0.0,0.0,2,1,0,0.75,0.45,1,1,0,
drawer-combined-s0-openvla-ep003,drawer,openvla_gated,openvla,49082,combined,0,Execute drawer under combined shift severity 0,1,,0,0,3.208647,0.29358,2,1,0,0.7,0.4,1,1,0,
drawer-combined-s0-openvla-ep004,drawer,openvla_gated,openvla,963389,combined,0,Execute drawer under combined shift severity 0,1,,1,1,3.035603,0.62132,4,2,0,1.0,0.4,1,1,0,
drawer-combined-s0-octo-ep000,drawer,octo_gated,octo,213129,combined,0,Execute drawer under combined shift severity 0,1,,0,0,0.0,0.0,2,1,0,0.7,0.4,1,1,0,
drawer-combined-s0-octo-ep001,drawer,octo_gated,octo,54514,combined,0,Execute drawer under combined shift severity 0,1,,0,0,0.0,0.0,2,1,0,0.7,0.4,1,1,0,
drawer-combined-s0-octo-ep002,drawer,octo_gated,octo,736142,combined,0,Execute drawer under combined shift severity 0,1,,0,0,0.0,0.0,2,1,0,0.7,0.4,1,1,0,
drawer-combined-s0-octo-ep003,drawer,octo_gated,octo,928546,combined,0,Execute drawer under combined shift severity 0,1,,1,1,2.379899,0.84389,2,1,0,0.75,0.45,1,1,0,
drawer-combined-s0-octo-ep004,drawer,octo_gated,octo,272783,combined,0,Execute drawer under combined shift severity 0,1,,1,1,3.052621,0.386561,2,1,0,0.75,0.45,1,1,0,
drawer-combined-s1-openvla-ep000,drawer,openvla_gated,openvla,908319,combined,1,Execute drawer under combined shift severity 1,1,,0,0,0.0,0.0,1,1,0,0.6,0.45,1,1,0,
drawer-combined-s1-openvla-ep001,drawer,openvla_gated,openvla,213245,combined,1,Execute drawer under combined shift severity 1,1,,0,0,0.0,0.0,1,1,0,0.65,0.5,1,1,0,
drawer-combined-s1-openvla-ep002,drawer,openvla_gated,openvla,599800,combined,1,Execute drawer under combined shift severity 1,1,,0,0,0.0,0.0,1,1,0,0.6,0.45,1,1,0,
drawer-combined-s1-openvla-ep003,drawer,openvla_gated,openvla,679249,combined,1,Execute drawer under combined shift severity 1,1,,0,0,4.116799,0.927438,1,1,0,0.65,0.5,1,1,0,
drawer-combined-s1-openvla-ep004,drawer,openvla_gated,openvla,187229,combined,1,Execute drawer under combined shift severity 1,1,,1,1,3.214807,0.500667,1,1,0,0.65,0.5,1,1,0,
drawer-combined-s1-octo-ep000,drawer,octo_gated,octo,163699,combined,1,Execute drawer under combined shift severity 1,1,,0,0,2.139124,0.576069,4,1,3,1.65,0.45,1,1,0,
drawer-combined-s1-octo-ep001,drawer,octo_gated,octo,791304,combined,1,Execute drawer under combined shift severity 1,1,,0,0,0.0,0.0,3,1,2,1.3,0.45,1,1,0,
drawer-combined-s1-octo-ep002,drawer,octo_gated,octo,498184,combined,1,Execute drawer under combined shift severity 1,1,,0,0,3.490787,0.623954,3,1,2,1.3,0.45,1,1,0,
drawer-combined-s1-octo-ep003,drawer,octo_gated,octo,161521,combined,1,Execute drawer under combined shift severity 1,1,,0,0,0.0,0.0,3,1,2,1.3,0.45,1,1,0,
drawer-combined-s1-octo-ep004,drawer,octo_gated,octo,824587,combined,1,Execute drawer under combined shift severity 1,1,,1,1,4.08833,0.729453,6,1,5,2.4,0.5,1,1,0,
drawer-combined-s2-openvla-ep000,drawer,openvla_gated,openvla,320640,combined,2,Execute drawer under combined shift severity 2,1,,1,1,3.553361,0.760583,10,1,9,3.8,0.5,1,1,0,
drawer-combined-s2-openvla-ep001,drawer,openvla_gated,openvla,314043,combined,2,Execute drawer under combined shift severity 2,1,,1,2,4.407657,0.869291,11,0,11,4.4,0.55,1,1,0,
drawer-combined-s2-openvla-ep002,drawer,openvla_gated,openvla,666423,combined,2,Execute drawer under combined shift severity 2,1,,0,0,3.893674,0.692657,10,1,9,3.85,0.55,1,1,0,
drawer-combined-s2-openvla-ep003,drawer,openvla_gated,openvla,218200,combined,2,Execute drawer under combined shift severity 2,1,,0,0,2.570462,0.557599,10,1,9,3.8,0.5,1,1,0,
drawer-combined-s2-openvla-ep004,drawer,openvla_gated,openvla,425235,combined,2,Execute drawer under combined shift severity 2,1,,1,1,5.106289,0.797808,11,0,11,4.4,0.55,1,1,0,
drawer-combined-s2-octo-ep000,drawer,octo_gated,octo,730172,combined,2,Execute drawer under combined shift severity 2,1,,0,0,3.522206,0.668663,10,0,10,4.05,0.55,1,1,0,
drawer-combined-s2-octo-ep001,drawer,octo_gated,octo,460925,combined,2,Execute drawer under combined shift severity 2,1,,0,0,3.97768,0.565709,10,0,10,4.05,0.55,1,1,0,
drawer-combined-s2-octo-ep002,drawer,octo_gated,octo,526493,combined,2,Execute drawer under combined shift severity 2,0,collision,1,4,5.318507,1.112307,1,0,1,0.9,0.55,0,0,0,
drawer-combined-s2-octo-ep003,drawer,octo_gated,octo,303157,combined,2,Execute drawer under combined shift severity 2,1,,1,1,3.994832,0.628619,9,0,9,3.7,0.55,1,1,0,
drawer-combined-s2-octo-ep004,drawer,octo_gated,octo,894239,combined,2,Execute drawer under combined shift severity 2,1,,1,2,5.244126,0.807982,5,0,5,2.35,0.6,1,1,0,
clutter_sort-lighting-s0-openvla-ep000,clutter_sort,openvla_gated,openvla,37237,lighting,0,Execute clutter_sort under lighting shift severity 0,1,,0,0,0.0,0.0,2,1,0,0.65,0.35,0,0,0,
clutter_sort-lighting-s0-openvla-ep001,clutter_sort,openvla_gated,openvla,67443,lighting,0,Execute clutter_sort under lighting shift severity 0,1,,1,1,3.402615,0.724059,2,1,0,0.65,0.35,0,0,0,
clutter_sort-lighting-s0-openvla-ep002,clutter_sort,openvla_gated,openvla,360768,lighting,0,Execute clutter_sort under lighting shift severity 0,1,,0,0,1.585993,0.345182,2,1,0,0.65,0.35,0,0,0,
clutter_sort-lighting-s0-openvla-ep003,clutter_sort,openvla_gated,openvla,719613,lighting,0,Execute clutter_sort under lighting shift severity 0,1,,0,0,0.0,0.0,2,1,0,0.65,0.35,0,0,0,
clutter_sort-lighting-s0-openvla-ep004,clutter_sort,openvla_gated,openvla,826622,lighting,0,Execute clutter_sort under lighting shift severity 0,1,,0,0,2.406684,0.300091,2,1,0,0.7,0.4,0,0,0,
clutter_sort-lighting-s0-octo-ep000,clutter_sort,octo_gated,octo,572943,lighting,0,Execute clutter_sort under lighting shift severity 0,1,,0,0,0.0,0.0,2,1,0,0.65,0.35,0,0,0,
clutter_sort-lighting-s0-octo-ep001,clutter_sort,octo_gated,octo,830161,lighting,0,Execute clutter_sort under lighting shift severity 0,1,,0,0,2.489205,0.287381,2,1,0,0.65,0.35,0,0,0,
clutter_sort-lighting-s0-octo-ep002,clutter_sort,octo_gated,octo,697681,lighting,0,Execute clutter_sort under lighting shift severity 0,1,,0,0,2.68005,0.303744,2,1,0,0.65,0.35,0,0,0,
clutter_sort-lighting-s0-octo-ep003,clutter_sort,octo_gated,octo,81062,lighting,0,Execute clutter_sort under lighting shift severity 0,1,,0,0,2.450096,0.439211,2,1,0,0.65,0.35,0,0,0,
clutter_sort-lighting-s0-octo-ep004,clutter_sort,octo_gated,octo,631211,lighting,0,Execute clutter_sort under lighting shift severity 0,1,,0,0,0.0,0.0,2,1,0,0.65,0.35,0,0,0,
clutter_sort-lighting-s1-openvla-ep000,clutter_sort,openvla_gated,openvla,552980,lighting,1,Execute clutter_sort under lighting shift severity 1,1,,0,0,0.0,0.0,1,1,0,0.55,0.4,0,0,0,
clutter_sort-lighting-s1-openvla-ep001,clutter_sort,openvla_gated,openvla,731196,lighting,1,Execute clutter_sort under lighting shift severity 1,1,,0,0,0.0,0.0,2,1,0,0.75,0.45,0,0,0,
clutter_sort-lighting-s1-openvla-ep002,clutter_sort,openvla_gated,openvla,353793,lighting,1,Execute clutter_sort under lighting shift severity 1,1,,0,0,3.680464,0.711517,1,1,0,0.6,0.45,0,0,0,
clutter_sort-lighting-s1-openvla-ep003,clutter_sort,openvla_gated,openvla,329558,lighting,1,Execute clutter_sort under lighting shift severity 1,1,,0,0,0.0,0.0,2,1,0,0.75,0.45,0,0,0,
clutter_sort-lighting-s1-openvla-ep004,clutter_sort,openvla_gated,openvla,398958,lighting,1,Execute clutter_sort under lighting shift severity 1,1,,0,0,0.0,0.0,2,1,0,0.75,0.45,0,0,0,
clutter_sort-lighting-s1-octo-ep000,clutter_sort,octo_gated,octo,322476,lighting,1,Execute clutter_sort under lighting shift severity 1,1,,0,0,0.0,0.0,3,1,2,1.25,0.4,0,0,0,
clutter_sort-lighting-s1-octo-ep001,clutter_sort,octo_gated,octo,987894,lighting,1,Execute clutter_sort under lighting shift severity 1,1,,0,0,0.0,0.0,2,1,1,0.95,0.45,0,0,0,
clutter_sort-lighting-s1-octo-ep002,clutter_sort,octo_gated,octo,94333,lighting,1,Execute clutter_sort under lighting shift severity 1,1,,0,0,0.0,0.0,2,1,1,0.95,0.45,0,0,0,
clutter_sort-lighting-s1-octo-ep003,clutter_sort,octo_gated,octo,809234,lighting,1,Execute clutter_sort under lighting shift severity 1,1,,1,1,4.067503,0.734623,2,1,1,0.95,0.45,0,0,0,
clutter_sort-lighting-s1-octo-ep004,clutter_sort,octo_gated,octo,477573,lighting,1,Execute clutter_sort under lighting shift severity 1,1,,1,1,4.295512,0.610369,2,1,1,0.95,0.45,0,0,0,
clutter_sort-lighting-s2-openvla-ep000,clutter_sort,openvla_gated,openvla,506979,lighting,2,Execute clutter_sort under lighting shift severity 2,1,,0,0,3.543578,0.53142,9,1,8,3.5,0.55,0,0,0,
clutter_sort-lighting-s2-openvla-ep001,clutter_sort,openvla_gated,openvla,1782,lighting,2,Execute clutter_sort under lighting shift severity 2,1,,0,0,0.0,0.0,9,1,8,3.45,0.5,0,0,0,
clutter_sort-lighting-s2-openvla-ep002,clutter_sort,openvla_gated,openvla,507481,lighting,2,Execute clutter_sort under lighting shift severity 2,1,,0,0,0.0,0.0,9,1,8,3.45,0.5,0,0,0,
clutter_sort-lighting-s2-openvla-ep003,clutter_sort,openvla_gated,openvla,857889,lighting,2,Execute clutter_sort under lighting shift severity 2,1,,0,0,3.160042,0.668786,10,1,9,3.85,0.55,0,0,0,
clutter_sort-lighting-s2-openvla-ep004,clutter_sort,openvla_gated,openvla,916982,lighting,2,Execute clutter_sort under lighting shift severity 2,1,,0,0,0.0,0.0,9,1,8,3.45,0.5,0,0,0,
clutter_sort-lighting-s2-octo-ep000,clutter_sort,octo_gated,octo,424180,lighting,2,Execute clutter_sort under lighting shift severity 2,1,,1,1,4.757343,0.54239,12,0,12,4.8,0.6,0,0,0,
clutter_sort-lighting-s2-octo-ep001,clutter_sort,octo_gated,octo,375143,lighting,2,Execute clutter_sort under lighting shift severity 2,1,,1,1,4.046079,0.71221,11,0,11,4.4,0.55,0,0,0,
clutter_sort-lighting-s2-octo-ep002,clutter_sort,octo_gated,octo,866923,lighting,2,Execute clutter_sort under lighting shift severity 2,1,,1,1,5.596937,1.011744,11,0,11,4.4,0.55,0,0,0,
clutter_sort-lighting-s2-octo-ep003,clutter_sort,octo_gated,octo,781901,lighting,2,Execute clutter_sort under lighting shift severity 2,0,collision,1,3,6.331859,1.117761,2,0,2,1.0,0.3,0,0,0,
clutter_sort-lighting-s2-octo-ep004,clutter_sort,octo_gated,octo,950643,lighting,2,Execute clutter_sort under lighting shift severity 2,1,,1,1,6.04566,0.977859,12,0,12,4.8,0.6,0,0,0,
clutter_sort-texture-s0-openvla-ep000,clutter_sort,openvla_gated,openvla,729566,texture,0,Execute clutter_sort under texture shift severity 0,1,,0,0,0.0,0.0,2,1,0,0.65,0.35,0,0,0,
clutter_sort-texture-s0-openvla-ep001,clutter_sort,openvla_gated,openvla,974701,texture,0,Execute clutter_sort under texture shift severity 0,1,,1,1,3.234148,0.546743,2,1,0,0.65,0.35,0,0,0,
clutter_sort-texture-s0-openvla-ep002,clutter_sort,openvla_gated,openvla,737342,texture,0,Execute clutter_sort under texture shift severity 0,1,,0,0,0.0,0.0,2,1,0,0.7,0.4,0,0,0,
clutter_sort-texture-s0-openvla-ep003,clutter_sort,openvla_gated,openvla,127874,texture,0,Execute clutter_sort under texture shift severity 0,1,,0,0,3.261737,0.609456,2,1,0,0.65,0.35,0,0,0,
clutter_sort-texture-s0-openvla-ep004,clutter_sort,openvla_gated,openvla,455644,texture,0,Execute clutter_sort under texture shift severity 0,1,,0,0,0.0,0.0,2,1,0,0.65,0.35,0,0,0,
clutter_sort-texture-s0-octo-ep000,clutter_sort,octo_gated,octo,417317,texture,0,Execute clutter_sort under texture shift severity 0,1,,0,0,0.0,0.0,2,1,0,0.65,0.35,0,0,0,
clutter_sort-texture-s0-octo-ep001,clutter_sort,octo_gated,octo,685333,texture,0,Execute clutter_sort under texture shift severity 0,1,,0,0,0.0,0.0,2,1,0,0.65,0.35,0,0,0,
clutter_sort-texture-s0-octo-ep002,clutter_sort,octo_gated,octo,462452,texture,0,Execute clutter_sort under texture shift severity 0,1,,1,1,3.47684,0.596916,4,2,0,1.0,0.4,0,0,0,
clutter_sort-texture-s0-octo-ep003,clutter_sort,octo_gated,octo,837300,texture,0,Execute clutter_sort under texture shift severity 0,1,,0,0,0.0,0.0,2,1,0,0.65,0.35,0,0,0,
clutter_sort-texture-s0-octo-ep004,clutter_sort,octo_gated,octo,82767,texture,0,Execute clutter_sort under texture shift severity 0,1,,0,0,0.0,0.0,2,1,0,0.7,0.4,0,0,0,
clutter_sort-texture-s1-openvla-ep000,clutter_sort,openvla_gated,openvla,295692,texture,1,Execute clutter_sort under texture shift severity 1,1,,1,1,3.853387,0.659663,1,1,0,0.6,0.45,0,0,0,
clutter_sort-texture-s1-openvla-ep001,clutter_sort,openvla_gated,openvla,803366,texture,1,Execute clutter_sort under texture shift severity 1,1,,0,0,0.0,0.0,1,1,0,0.6,0.45,0,0,0,
clutter_sort-texture-s1-openvla-ep002,clutter_sort,openvla_gated,openvla,763167,texture,1,Execute clutter_sort under texture shift severity 1,1,,1,1,3.835726,0.821005,1,1,0,0.6,0.45,0,0,0,
clutter_sort-texture-s1-openvla-ep003,clutter_sort,openvla_gated,openvla,765701,texture,1,Execute clutter_sort under texture shift severity 1,1,,0,0,0.0,0.0,1,1,0,0.6,0.45,0,0,0,
clutter_sort-texture-s1-openvla-ep004,clutter_sort,openvla_gated,openvla,482003,texture,1,Execute clutter_sort under texture shift severity 1,1,,0,0,0.0,0.0,1,1,0,0.6,0.45,0,0,0,
clutter_sort-texture-s1-octo-ep000,clutter_sort,octo_gated,octo,31849,texture,1,Execute clutter_sort under texture shift severity 1,1,,1,1,3.835864,0.63472,6,2,4,2.15,0.45,0,0,0,
clutter_sort-texture-s1-octo-ep001,clutter_sort,octo_gated,octo,534314,texture,1,Execute clutter_sort under texture shift severity 1,1,,0,0,0.0,0.0,3,1,2,1.3,0.45,0,0,0,
clutter_sort-texture-s1-octo-ep002,clutter_sort,octo_gated,octo,21659,texture,1,Execute clutter_sort under texture shift severity 1,1,,0,0,0.0,0.0,3,1,2,1.3,0.45,0,0,0,
clutter_sort-texture-s1-octo-ep003,clutter_sort,octo_gated,octo,464822,texture,1,Execute clutter_sort under texture shift severity 1,1,,0,0,0.0,0.0,3,1,2,1.3,0.45,0,0,0,
clutter_sort-texture-s1-octo-ep004,clutter_sort,octo_gated,octo,346319,texture,1,Execute clutter_sort under texture shift severity 1,1,,1,1,3.501719,0.729144,3,1,2,1.3,0.45,0,0,0,
clutter_sort-texture-s2-openvla-ep000,clutter_sort,openvla_gated,openvla,374877,texture,2,Execute clutter_sort under texture shift severity 2,1,,1,1,5.545482,0.853749,11,0,11,4.4,0.55,0,0,0,
clutter_sort-texture-s2-openvla-ep001,clutter_sort,openvla_gated,openvla,221177,texture,2,Execute clutter_sort under texture shift severity 2,1,,1,1,4.080601,0.929438,11,0,11,4.4,0.55,0,0,0,
clutter_sort-texture-s2-openvla-ep002,clutter_sort,openvla_gated,openvla,752252,texture,2,Execute clutter_sort under texture shift severity 2,1,,0,0,0.0,0.0,10,1,9,3.85,0.55,0,0,0,
clutter_sort-texture-s2-openvla-ep003,clutter_sort,openvla_gated,openvla,465764,texture,2,Execute clutter_sort under texture shift severity 2,1,,0,0,0.0,0.0,10,1,9,3.85,0.55,0,0,0,
clutter_sort-texture-s2-openvla-ep004,clutter_sort,openvla_gated,openvla,391867,texture,2,Execute clutter_sort under texture shift severity 2,1,,0,0,3.712286,0.670392,10,1,9,3.85,0.55,0,0,0,
clutter_sort-texture-s2-octo-ep000,clutter_sort,octo_gated,octo,928084,texture,2,Execute clutter_sort under texture shift severity 2,1,,1,2,4.956986,0.974512,6,0,6,2.75,0.65,0,0,0,
clutter_sort-texture-s2-octo-ep001,clutter_sort,octo_gated,octo,181297,texture,2,Execute clutter_sort under texture shift severity 2,1,,1,1,4.078784,0.621329,12,0,12,4.8,0.6,0,0,0,
clutter_sort-texture-s2-octo-ep002,clutter_sort,octo_gated,octo,504510,texture,2,Execute clutter_sort under texture shift severity 2,1,,0,0,4.401137,0.61129,12,0,12,4.8,0.6,0,0,0,
clutter_sort-texture-s2-octo-ep003,clutter_sort,octo_gated,octo,787738,texture,2,Execute clutter_sort under texture shift severity 2,1,,0,0,0.0,0.0,11,0,11,4.4,0.55,0,0,0,
clutter_sort-texture-s2-octo-ep004,clutter_sort,octo_gated,octo,555275,texture,2,Execute clutter_sort under texture shift severity 2,1,,1,1,5.49905,0.89423,8,0,8,3.4,0.6,0,0,0,
clutter_sort-occlusion-s0-openvla-ep000,clutter_sort,openvla_gated,openvla,399692,occlusion,0,Execute clutter_sort under occlusion shift severity 0,1,,0,0,0.0,0.0,2,1,0,0.7,0.4,0,0,0,
clutter_sort-occlusion-s0-openvla-ep001,clutter_sort,openvla_gated,openvla,455499,occlusion,0,Execute clutter_sort under occlusion shift severity 0,1,,0,0,2.260431,0.470117,2,1,0,0.65,0.35,0,0,0,
clutter_sort-occlusion-s0-openvla-ep002,clutter_sort,openvla_gated,openvla,579139,occlusion,0,Execute clutter_sort under occlusion shift severity 0,1,,1,1,4.276839,0.735467,2,1,0,0.65,0.35,0,0,0,
clutter_sort-occlusion-s0-openvla-ep003,clutter_sort,openvla_gated,openvla,812496,occlusion,0,Execute clutter_sort under occlusion shift severity 0,1,,0,0,2.493791,0.351018,2,1,0,0.7,0.4,0,0,0,
clutter_sort-occlusion-s0-openvla-ep004,clutter_sort,openvla_gated,openvla,982339,occlusion,0,Execute clutter_sort under occlusion shift severity 0,1,,0,0,0.0,0.0,2,1,0,0.7,0.4,0,0,0,
clutter_sort-occlusion-s0-octo-ep000,clutter_sort,octo_gated,octo,739074,occlusion,0,Execute clutter_sort under occlusion shift severity 0,1,,0,0,0.0,0.0,2,1,0,0.65,0.35,0,0,0,
clutter_sort-occlusion-s0-octo-ep001,clutter_sort,octo_gated,octo,647627,occlusion,0,Execute clutter_sort under occlusion shift severity 0,1,,0,0,0.0,0.0,2,1,0,0.7,0.4,0,0,0,
clutter_sort-occlusion-s0-octo-ep002,clutter_sort,octo_gated,octo,120702,occlusion,0,Execute clutter_sort under occlusion shift severity 0,1,,0,0,0.0,0.0,2,1,0,0.7,0.4,0,0,0,
clutter_sort-occlusion-s0-octo-ep003,clutter_sort,octo_gated,octo,524395,occlusion,0,Execute clutter_sort under occlusion shift severity 0,1,,0,0,1.441096,0.474047,2,1,0,0.7,0.4,0,0,0,
clutter_sort-occlusion-s0-octo-ep004,clutter_sort,octo_gated,octo,36197,occlusion,0,Execute clutter_sort under occlusion shift severity 0,1,,0,0,0.0,0.0,2,1,0,0.7,0.4,0,0,0,
clutter_sort-occlusion-s1-openvla-ep000,clutter_sort,openvla_gated,openvla,283799,occlusion,1,Execute clutter_sort under occlusion shift severity 1,1,,0,0,0.0,0.0,1,1,0,0.6,0.45,0,0,0,
clutter_sort-occlusion-s1-openvla-ep001,clutter_sort,openvla_gated,openvla,411850,occlusion,1,Execute clutter_sort under occlusion shift severity 1,1,,0,0,0.0,0.0,1,1,0,0.6,0.45,0,0,0,
clutter_sort-occlusion-s1-openvla-ep002,clutter_sort,openvla_gated,openvla,709040,occlusion,1,Execute clutter_sort under occlusion shift severity 1,1,,1,1,4.091088,0.633908,1,1,0,0.6,0.45,0,0,0,
clutter_sort-occlusion-s1-openvla-ep003,clutter_sort,openvla_gated,openvla,618483,occlusion,1,Execute clutter_sort under occlusion shift severity 1,1,,1,2,4.311408,0.983292,1,1,0,0.6,0.45,0,0,0,
clutter_sort-occlusion-s1-openvla-ep004,clutter_sort,openvla_gated,openvla,960412,occlusion,1,Execute clutter_sort under occlusion shift severity 1,1,,0,0,0.0,0.0,1,1,0,0.6,0.45,0,0,0,
clutter_sort-occlusion-s1-octo-ep000,clutter_sort,octo_gated,octo,476821,occlusion,1,Execute clutter_sort under occlusion shift severity 1,1,,0,0,0.0,0.0,3,1,2,1.3,0.45,0,0,0,
clutter_sort-occlusion-s1-octo-ep001,clutter_sort,octo_gated,octo,708300,occlusion,1,Execute clutter_sort under occlusion shift severity 1,1,,0,0,2.590908,0.492966,3,1,2,1.3,0.45,0,0,0,
clutter_sort-occlusion-s1-octo-ep002,clutter_sort,octo_gated,octo,502915,occlusion,1,Execute clutter_sort under occlusion shift severity 1,1,,1,2,4.587025,0.770872,10,1,9,3.8,0.5,0,0,0,
clutter_sort-occlusion-s1-octo-ep003,clutter_sort,octo_gated,octo,769893,occlusion,1,Execute clutter_sort under occlusion shift severity 1,1,,0,0,0.0,0.0,3,1,2,1.3,0.45,0,0,0,
clutter_sort-occlusion-s1-octo-ep004,clutter_sort,octo_gated,octo,744817,occlusion,1,Execute clutter_sort under occlusion shift severity 1,1,,0,0,3.209895,0.645596,3,1,2,1.3,0.45,0,0,0,
clutter_sort-occlusion-s2-openvla-ep000,clutter_sort,openvla_gated,openvla,318171,occlusion,2,Execute clutter_sort under occlusion shift severity 2,1,,0,0,3.990835,0.858071,11,0,11,4.4,0.55,0,0,0,
clutter_sort-occlusion-s2-openvla-ep001,clutter_sort,openvla_gated,openvla,360582,occlusion,2,Execute clutter_sort under occlusion shift severity 2,1,,1,2,5.002371,0.969638,11,0,11,4.4,0.55,0,0,0,
clutter_sort-occlusion-s2-openvla-ep002,clutter_sort,openvla_gated,openvla,313305,occlusion,2,Execute clutter_sort under occlusion shift severity 2,1,,1,1,5.832108,0.748059,12,0,12,4.8,0.6,0,0,0,
clutter_sort-occlusion-s2-openvla-ep003,clutter_sort,openvla_gated,openvla,603997,occlusion,2,Execute clutter_sort under occlusion shift severity 2,1,,0,0,0.0,0.0,11,1,10,4.25,0.6,0,0,0,
clutter_sort-occlusion-s2-openvla-ep004,clutter_sort,openvla_gated,openvla,357613,occlusion,2,Execute clutter_sort under occlusion shift severity 2,1,,0,0,0.0,0.0,11,1,10,4.2,0.55,0,0,0,
clutter_sort-occlusion-s2-octo-ep000,clutter_sort,octo_gated,octo,902637,occlusion,2,Execute clutter_sort under occlusion shift severity 2,1,,1,2,4.868666,1.189808,5,0,5,2.4,0.65,0,0,0,
clutter_sort-occlusion-s2-octo-ep001,clutter_sort,octo_gated,octo,478805,occlusion,2,Execute clutter_sort under occlusion shift severity 2,1,,1,1,3.583279,0.781896,11,0,11,4.5,0.65,0,0,0,
clutter_sort-occlusion-s2-octo-ep002,clutter_sort,octo_gated,octo,763770,occlusion,2,Execute clutter_sort under occlusion shift severity 2,1,,0,0,4.401097,0.817463,11,0,11,4.45,0.6,0,0,0,
clutter_sort-occlusion-s2-octo-ep003,clutter_sort,octo_gated,octo,893266,occlusion,2,Execute clutter_sort under occlusion shift severity 2,1,,1,1,4.738043,0.835857,11,0,11,4.45,0.6,0,0,0,
clutter_sort-occlusion-s2-octo-ep004,clutter_sort,octo_gated,octo,564308,occlusion,2,Execute clutter_sort under occlusion shift severity 2,1,,0,0,4.04166,0.690978,12,0,12,4.85,0.65,0,0,0,
clutter_sort-sensor-s0-openvla-ep000,clutter_sort,openvla_gated,openvla,466342,sensor,0,Execute clutter_sort under sensor shift severity 0,1,,0,0,1.584023,0.438886,2,1,0,0.7,0.4,0,0,0,
clutter_sort-sensor-s0-openvla-ep001,clutter_sort,openvla_gated,openvla,866081,sensor,0,Execute clutter_sort under sensor shift severity 0,1,,0,0,0.0,0.0,2,1,0,0.7,0.4,0,0,0,
clutter_sort-sensor-s0-openvla-ep002,clutter_sort,openvla_gated,openvla,176410,sensor,0,Execute clutter_sort under sensor shift severity 0,1,,0,0,0.0,0.0,2,1,0,0.65,0.35,0,0,0,
clutter_sort-sensor-s0-openvla-ep003,clutter_sort,openvla_gated,openvla,939639,sensor,0,Execute clutter_sort under sensor shift severity 0,1,,0,0,0.0,0.0,2,1,0,0.65,0.35,0,0,0,
clutter_sort-sensor-s0-openvla-ep004,clutter_sort,openvla_gated,openvla,533140,sensor,0,Execute clutter_sort under sensor shift severity 0,1,,0,0,0.0,0.0,2,1,0,0.65,0.35,0,0,0,
clutter_sort-sensor-s0-octo-ep000,clutter_sort,octo_gated,octo,906718,sensor,0,Execute clutter_sort under sensor shift severity 0,1,,0,0,0.0,0.0,2,1,0,0.65,0.35,0,0,0,
clutter_sort-sensor-s0-octo-ep001,clutter_sort,octo_gated,octo,259679,sensor,0,Execute clutter_sort under sensor shift severity 0,1,,0,0,0.0,0.0,2,1,0,0.7,0.4,0,0,0,
clutter_sort-sensor-s0-octo-ep002,clutter_sort,octo_gated,octo,911860,sensor,0,Execute clutter_sort under sensor shift severity 0,1,,0,0,0.0,0.0,2,1,0,0.65,0.35,0,0,0,
clutter_sort-sensor-s0-octo-ep003,clutter_sort,octo_gated,octo,635902,sensor,0,Execute clutter_sort under sensor shift severity 0,1,,0,0,0.0,0.0,2,1,0,0.65,0.35,0,0,0,
clutter_sort-sensor-s0-octo-ep004,clutter_sort,octo_gated,octo,1446,sensor,0,Execute clutter_sort under sensor shift severity 0,1,,0,0,1.299767,0.375153,2,1,0,0.7,0.4,0,0,0,
clutter_sort-sensor-s1-openvla-ep000,clutter_sort,openvla_gated,openvla,338674,sensor,1,Execute clutter_sort under sensor shift severity 1,1,,1,1,5.120032,0.707906,1,1,0,0.6,0.45,0,0,0,
clutter_sort-sensor-s1-openvla-ep001,clutter_sort,openvla_gated,openvla,953727,sensor,1,Execute clutter_sort under sensor shift severity 1,1,,0,0,0.0,0.0,1,1,0,0.6,0.45,0,0,0,
clutter_sort-sensor-s1-openvla-ep002,clutter_sort,openvla_gated,openvla,951529,sensor,1,Execute clutter_sort under sensor shift severity 1,1,,0,0,3.449228,0.627358,1,1,0,0.6,0.45,0,0,0,
clutter_sort-sensor-s1-openvla-ep003,clutter_sort,openvla_gated,openvla,603390,sensor,1,Execute clutter_sort under sensor shift severity 1,1,,0,0,0.0,0.0,1,1,0,0.6,0.45,0,0,0,
clutter_sort-sensor-s1-openvla-ep004,clutter_sort,openvla_gated,openvla,436899,sensor,1,Execute clutter_sort under sensor shift severity 1,1,,0,0,4.364584,0.50973,1,1,0,0.6,0.45,0,0,0,
clutter_sort-sensor-s1-octo-ep000,clutter_sort,octo_gated,octo,550684,sensor,1,Execute clutter_sort under sensor shift severity 1,1,,1,1,3.649596,0.727486,3,1,2,1.3,0.45,0,0,0,
clutter_sort-sensor-s1-octo-ep001,clutter_sort,octo_gated,octo,582675,sensor,1,Execute clutter_sort under sensor shift severity 1,1,,0,0,0.0,0.0,3,1,2,1.3,0.45,0,0,0,
clutter_sort-sensor-s1-octo-ep002,clutter_sort,octo_gated,octo,20819,sensor,1,Execute clutter_sort under sensor shift severity 1,1,,0,0,0.0,0.0,3,1,2,1.3,0.45,0,0,0,
clutter_sort-sensor-s1-octo-ep003,clutter_sort,octo_gated,octo,584623,sensor,1,Execute clutter_sort under sensor shift severity 1,1,,0,0,0.0,0.0,3,1,2,1.3,0.45,0,0,0,
clutter_sort-sensor-s1-octo-ep004,clutter_sort,octo_gated,octo,188326,sensor,1,Execute clutter_sort under sensor shift severity 1,1,,1,1,3.507291,0.636037,5,2,3,1.8,0.45,0,0,0,
clutter_sort-sensor-s2-openvla-ep000,clutter_sort,openvla_gated,openvla,413829,sensor,2,Execute clutter_sort under sensor shift severity 2,1,,1,1,4.635794,0.909679,11,0,11,4.4,0.55,0,0,0,
clutter_sort-sensor-s2-openvla-ep001,clutter_sort,openvla_gated,openvla,464324,sensor,2,Execute clutter_sort under sensor shift severity 2,1,,0,0,2.857197,0.743967,10,1,9,3.85,0.55,0,0,0,
clutter_sort-sensor-s2-openvla-ep002,clutter_sort,openvla_gated,openvla,977956,sensor,2,Execute clutter_sort under sensor shift severity 2,1,,0,0,4.172096,0.702794,10,1,9,3.85,0.55,0,0,0,
clutter_sort-sensor-s2-openvla-ep003,clutter_sort,openvla_gated,openvla,946787,sensor,2,Execute clutter_sort under sensor shift severity 2,1,,0,0,0.0,0.0,10,1,9,3.85,0.55,0,0,0,
clutter_sort-sensor-s2-openvla-ep004,clutter_sort,openvla_gated,openvla,43004,sensor,2,Execute clutter_sort under sensor shift severity 2,1,,1,1,6.466968,0.950334,10,0,10,4.0,0.5,0,0,0,
clutter_sort-sensor-s2-octo-ep000,clutter_sort,octo_gated,octo,428779,sensor,2,Execute clutter_sort under sensor shift severity 2,1,,1,1,5.247834,0.931292,12,0,12,4.8,0.6,0,0,0,
clutter_sort-sensor-s2-octo-ep001,clutter_sort,octo_gated,octo,743663,sensor,2,Execute clutter_sort under sensor shift severity 2,1,,1,2,6.37045,1.028657,9,0,9,3.75,0.6,0,0,0,
clutter_sort-sensor-s2-octo-ep002,clutter_sort,octo_gated,octo,846597,sensor,2,Execute clutter_sort under sensor shift severity 2,1,,1,2,4.974874,1.040114,3,0,3,1.7,0.65,0,0,0,
clutter_sort-sensor-s2-octo-ep003,clutter_sort,octo_gated,octo,264346,sensor,2,Execute clutter_sort under sensor shift severity 2,1,,1,2,5.509283,1.068303,6,0,6,2.7,0.6,0,0,0,
clutter_sort-sensor-s2-octo-ep004,clutter_sort,octo_gated,octo,407268,sensor,2,Execute clutter_sort under sensor shift severity 2,1,,0,0,0.0,0.0,11,0,11,4.45,0.6,0,0,0,
clutter_sort-combined-s0-openvla-ep000,clutter_sort,openvla_gated,openvla,60835,combined,0,Execute clutter_sort under combined shift severity 0,1,,1,1,3.258784,0.628692,2,1,0,0.7,0.4,0,0,0,
clutter_sort-combined-s0-openvla-ep001,clutter_sort,openvla_gated,openvla,74060,combined,0,Execute clutter_sort under combined shift severity 0,1,,0,0,0.0,0.0,2,1,0,0.65,0.35,0,0,0,
clutter_sort-combined-s0-openvla-ep002,clutter_sort,openvla_gated,openvla,179550,combined,0,Execute clutter_sort under combined shift severity 0,1,,0,0,0.0,0.0,2,1,0,0.7,0.4,0,0,0,
clutter_sort-combined-s0-openvla-ep003,clutter_sort,openvla_gated,openvla,151350,combined,0,Execute clutter_sort under combined shift severity 0,1,,0,0,2.867739,0.427894,2,1,0,0.7,0.4,0,0,0,
clutter_sort-combined-s0-openvla-ep004,clutter_sort,openvla_gated,openvla,750905,combined,0,Execute clutter_sort under combined shift severity 0,1,,0,0,0.0,0.0,2,1,0,0.65,0.35,0,0,0,
clutter_sort-combined-s0-octo-ep000,clutter_sort,octo_gated,octo,394747,combined,0,Execute clutter_sort under combined shift severity 0,1,,0,0,0.0,0.0,2,1,0,0.65,0.35,0,0,0,
clutter_sort-combined-s0-octo-ep001,clutter_sort,octo_gated,octo,908704,combined,0,Execute clutter_sort under combined shift severity 0,1,,0,0,0.0,0.0,2,1,0,0.65,0.35,0,0,0,
clutter_sort-combined-s0-octo-ep002,clutter_sort,octo_gated,octo,170225,combined,0,Execute clutter_sort under combined shift severity 0,1,,0,0,0.0,0.0,2,1,0,0.7,0.4,0,0,0,
clutter_sort-combined-s0-octo-ep003,clutter_sort,octo_gated,octo,775392,combined,0,Execute clutter_sort under combined shift severity 0,1,,0,0,0.0,0.0,2,1,0,0.7,0.4,0,0,0,
clutter_sort-combined-s0-octo-ep004,clutter_sort,octo_gated,octo,348289,combined,0,Execute clutter_sort under combined shift severity 0,1,,0,0,0.0,0.0,2,1,0,0.7,0.4,0,0,0,
clutter_sort-combined-s1-openvla-ep000,clutter_sort,openvla_gated,openvla,284799,combined,1,Execute clutter_sort under combined shift severity 1,1,,0,0,2.484597,0.558123,1,1,0,0.6,0.45,0,0,0,
clutter_sort-combined-s1-openvla-ep001,clutter_sort,openvla_gated,openvla,295152,combined,1,Execute clutter_sort under combined shift severity 1,1,,0,0,2.926556,0.484322,1,1,0,0.6,0.45,0,0,0,
clutter_sort-combined-s1-openvla-ep002,clutter_sort,openvla_gated,openvla,496543,combined,1,Execute clutter_sort under combined shift severity 1,1,,0,0,0.0,0.0,1,1,0,0.6,0.45,0,0,0,
clutter_sort-combined-s1-openvla-ep003,clutter_sort,openvla_gated,openvla,893643,combined,1,Execute clutter_sort under combined shift severity 1,1,,0,0,2.321546,0.386547,1,1,0,0.6,0.45,0,0,0,
clutter_sort-combined-s1-openvla-ep004,clutter_sort,openvla_gated,openvla,118479,combined,1,Execute clutter_sort under combined shift severity 1,1,,0,0,2.587753,0.42143,1,1,0,0.6,0.45,0,0,0,
clutter_sort-combined-s1-octo-ep000,clutter_sort,octo_gated,octo,580368,combined,1,Execute clutter_sort under combined shift severity 1,1,,0,0,0.0,0.0,5,1,4,2.0,0.45,0,0,0,
clutter_sort-combined-s1-octo-ep001,clutter_sort,octo_gated,octo,419642,combined,1,Execute clutter_sort under combined shift severity 1,1,,0,0,0.0,0.0,5,1,4,2.0,0.45,0,0,0,
clutter_sort-combined-s1-octo-ep002,clutter_sort,octo_gated,octo,621026,combined,1,Execute clutter_sort under combined shift severity 1,1,,0,0,0.0,0.0,5,1,4,2.0,0.45,0,0,0,
clutter_sort-combined-s1-octo-ep003,clutter_sort,octo_gated,octo,257840,combined,1,Execute clutter_sort under combined shift severity 1,1,,0,0,0.0,0.0,5,1,4,2.0,0.45,0,0,0,
clutter_sort-combined-s1-octo-ep004,clutter_sort,octo_gated,octo,287568,combined,1,Execute clutter_sort under combined shift severity 1,1,,0,0,0.0,0.0,5,1,4,2.0,0.45,0,0,0,
clutter_sort-combined-s2-openvla-ep000,clutter_sort,openvla_gated,openvla,31618,combined,2,Execute clutter_sort under combined shift severity 2,1,,0,0,0.0,0.0,11,0,11,4.4,0.55,0,0,0,
clutter_sort-combined-s2-openvla-ep001,clutter_sort,openvla_gated,openvla,969641,combined,2,Execute clutter_sort under combined shift severity 2,1,,1,1,4.891439,1.037236,12,0,12,4.8,0.6,0,0,0,
clutter_sort-combined-s2-openvla-ep002,clutter_sort,openvla_gated,openvla,291200,combined,2,Execute clutter_sort under combined shift severity 2,0,collision,1,3,5.618388,1.078091,8,0,8,3.45,0.65,0,0,0,
clutter_sort-combined-s2-openvla-ep003,clutter_sort,openvla_gated,openvla,139928,combined,2,Execute clutter_sort under combined shift severity 2,1,,1,1,5.171393,0.95263,12,0,12,4.8,0.6,0,0,0,
clutter_sort-combined-s2-openvla-ep004,clutter_sort,openvla_gated,openvla,928386,combined,2,Execute clutter_sort under combined shift severity 2,1,,0,0,0.0,0.0,11,0,11,4.4,0.55,0,0,0,
clutter_sort-combined-s2-octo-ep000,clutter_sort,octo_gated,octo,514106,combined,2,Execute clutter_sort under combined shift severity 2,1,,0,0,3.790671,0.809952,9,0,9,3.75,0.6,0,0,0,
clutter_sort-combined-s2-octo-ep001,clutter_sort,octo_gated,octo,530713,combined,2,Execute clutter_sort under combined shift severity 2,1,,1,2,5.499208,0.964605,4,0,4,2.05,0.65,0,0,0,
clutter_sort-combined-s2-octo-ep002,clutter_sort,octo_gated,octo,565184,combined,2,Execute clutter_sort under combined shift severity 2,1,,0,0,2.66348,0.766377,8,0,8,3.45,0.65,0,0,0,
clutter_sort-combined-s2-octo-ep003,clutter_sort,octo_gated,octo,273853,combined,2,Execute clutter_sort under combined shift severity 2,1,,1,2,6.510148,1.034191,1,0,1,1.05,0.7,0,0,0,
clutter_sort-combined-s2-octo-ep004,clutter_sort,octo_gated,octo,49039,combined,2,Execute clutter_sort under combined shift severity 2,1,,1,1,5.047415,0.931384,6,0,6,2.8,0.7,0,0,0,
